{
    "DSCN0012.jpg": {
        "LatLon": [
            43.46715666666389,
            11.885394999997223
        ]
    },
    "DSCN0021.jpg": {
        "LatLon": [
            43.467081666663894,
            11.884538333330555
        ]
    },
    "DSCN0027.jpg": {
        "LatLon": [
            43.46844166666667,
            11.881515
        ]
    }
}